"id","title","url","author_id","route_id"
"1","Kumata","http://res.cloudinary.com/ch-cloud/image/upload/v1630581072/d47iy8kxv6qni8euhojk.jpg","1","1"
"2","Kumata","http://res.cloudinary.com/ch-cloud/image/upload/v1630581072/d47iy8kxv6qni8euhojk.jpg","1","1"
"3","Velo Erul","http://res.cloudinary.com/ch-cloud/image/upload/v1630581418/tqhjrinmsb69ev7upg0q.jpg","1","2"
"4","Velo Erul 2","http://res.cloudinary.com/ch-cloud/image/upload/v1630582448/oowojgn4lagybkvv20jb.jpg","1","2"
"5","Aleko","http://res.cloudinary.com/ch-cloud/image/upload/v1630582596/tclvroyrkcfbz98yklmc.jpg","1","3"
"6","Aleko 2","http://res.cloudinary.com/ch-cloud/image/upload/v1630582767/ukdmkxyvlnani3hzaafi.jpg","1","3"
"7","Shipka","http://res.cloudinary.com/ch-cloud/image/upload/v1630583376/en6lxhaddbvhf1ksybbu.jpg","1","4"
"8","Shipka 2","http://res.cloudinary.com/ch-cloud/image/upload/v1630583467/koncyanx4gqwzt9vxgx4.jpg","1","4"
"9","Aladja Mon","http://res.cloudinary.com/ch-cloud/image/upload/v1630583842/qabnwpgq3pp1cui19nn5.jpg","1","5"
"10","Aladja Man 2","http://res.cloudinary.com/ch-cloud/image/upload/v1630584095/aznlgfzoxpuvl5belukb.jpg","1","5"
"11","04488121-5","https://res.cloudinary.com/dmpzzernt/image/upload/v1705444975/04488121-5.jpg","4","3"
"12","cda75236-a","https://res.cloudinary.com/dmpzzernt/image/upload/v1705445978/cda75236-a.jpg","4","1"
"13","12ac210f-08fd-420d-b198-ffc6a2cb7a87","https://res.cloudinary.com/dmpzzernt/image/upload/v1705447064/12ac210f-08fd-420d-b198-ffc6a2cb7a87.jpg","4","1"
"14","8cde4262-6785-4fda-afd8-2385a74f7dec","https://res.cloudinary.com/dmpzzernt/image/upload/v1707160697/8cde4262-6785-4fda-afd8-2385a74f7dec.webp","4","4"
"15","ee242c1f-6706-4b10-b467-191bf9e205c0","https://res.cloudinary.com/dmpzzernt/image/upload/v1707511941/ee242c1f-6706-4b10-b467-191bf9e205c0.png","4","4"
"16","ebe3f23d-f903-40fe-ba35-2bd854bf5d03","https://res.cloudinary.com/dmpzzernt/image/upload/v1707512183/ebe3f23d-f903-40fe-ba35-2bd854bf5d03.png","4","4"
"17","e7331361-edab-4f09-86f2-f6a9df9ad680","https://res.cloudinary.com/dmpzzernt/image/upload/v1707512317/e7331361-edab-4f09-86f2-f6a9df9ad680.png","4","4"
"18","cc2f67ca-cc17-4d14-b074-f4cb8999bb06","https://res.cloudinary.com/dmpzzernt/image/upload/v1707512724/cc2f67ca-cc17-4d14-b074-f4cb8999bb06.png","1","4"
"19","753f4047-bf10-4e66-9b21-9df635be6641","https://res.cloudinary.com/dmpzzernt/image/upload/v1707512902/753f4047-bf10-4e66-9b21-9df635be6641.png","2","4"
"20","6c1b3cfc-0999-49d2-af04-fbc03240ebb4","https://res.cloudinary.com/dmpzzernt/image/upload/v1707522299/6c1b3cfc-0999-49d2-af04-fbc03240ebb4.png","6","3"
"21","8ca6e13a-21ed-4aab-b7c1-908b3021101e","https://res.cloudinary.com/dmpzzernt/image/upload/v1707522369/8ca6e13a-21ed-4aab-b7c1-908b3021101e.png","6","3"
"22","69d55f94-a505-4530-a18d-4d3ab766797a","https://res.cloudinary.com/dmpzzernt/image/upload/v1707522432/69d55f94-a505-4530-a18d-4d3ab766797a.png","6","3"
"23","1c2b1966-489c-4673-9c71-f7ee6aa79283","https://res.cloudinary.com/dmpzzernt/image/upload/v1707522546/1c2b1966-489c-4673-9c71-f7ee6aa79283.png","5","3"
"24","7d96e1f3-9b83-4f84-8f52-68c03a1d4c1b","https://res.cloudinary.com/dmpzzernt/image/upload/v1707522597/7d96e1f3-9b83-4f84-8f52-68c03a1d4c1b.png","5","3"
"25","bf958870-65f6-441c-95a1-27247c61f7e1","https://res.cloudinary.com/dmpzzernt/image/upload/v1707522605/bf958870-65f6-441c-95a1-27247c61f7e1.png","5","3"
"26","ac266e2c-98d7-4705-84b6-ce370b5b5de2","https://res.cloudinary.com/dmpzzernt/image/upload/v1707673416/ac266e2c-98d7-4705-84b6-ce370b5b5de2.png","1","2"
"27","79574ac4-be48-4ebe-a577-1ba2386416fd","https://res.cloudinary.com/dmpzzernt/image/upload/v1707673457/79574ac4-be48-4ebe-a577-1ba2386416fd.png","2","2"
"28","44b38a7e-034c-4721-a903-d6b44bc14bc0","https://res.cloudinary.com/dmpzzernt/image/upload/v1707673469/44b38a7e-034c-4721-a903-d6b44bc14bc0.png","3","2"
"29","a02e9bbe-619b-4bbb-ba9e-6cac64f5ce46","https://res.cloudinary.com/dmpzzernt/image/upload/v1707673556/a02e9bbe-619b-4bbb-ba9e-6cac64f5ce46.png","4","2"
"30","599cf776-7c3b-4a57-9a29-d27f5b0c4748","https://res.cloudinary.com/dmpzzernt/image/upload/v1707678290/599cf776-7c3b-4a57-9a29-d27f5b0c4748.png","2","6"
"31","0475edb6-6ff9-424d-841e-3c3c642b11c7","https://res.cloudinary.com/dmpzzernt/image/upload/v1707678307/0475edb6-6ff9-424d-841e-3c3c642b11c7.png","2","6"
"32","7ea019eb-6645-4a09-90af-8bcd333919ea","https://res.cloudinary.com/dmpzzernt/image/upload/v1707678484/7ea019eb-6645-4a09-90af-8bcd333919ea.png","2","6"
"33","9eb04502-c047-42b8-a2fc-87e3fdaae70e","https://res.cloudinary.com/dmpzzernt/image/upload/v1707678499/9eb04502-c047-42b8-a2fc-87e3fdaae70e.png","6","6"
"34","5a502683-513f-46e8-9217-5b0c2977e2d0","https://res.cloudinary.com/dmpzzernt/image/upload/v1707678506/5a502683-513f-46e8-9217-5b0c2977e2d0.png","6","6"
"35","08c991da-2368-46ff-a1eb-6c993592ea0a","https://res.cloudinary.com/dmpzzernt/image/upload/v1707678514/08c991da-2368-46ff-a1eb-6c993592ea0a.png","6","6"
"36","b773ac1c-91e8-4697-92a7-9c8de40a809d","https://res.cloudinary.com/dmpzzernt/image/upload/v1707678521/b773ac1c-91e8-4697-92a7-9c8de40a809d.png","1","6"
"37","3a0d3c36-a1d7-4b85-9302-8c0fbc59065a","https://res.cloudinary.com/dmpzzernt/image/upload/v1707678527/3a0d3c36-a1d7-4b85-9302-8c0fbc59065a.png","1","6"
"38","c84ecf65-22d3-41c6-b21c-4c58315363c4","https://res.cloudinary.com/dmpzzernt/image/upload/v1707678534/c84ecf65-22d3-41c6-b21c-4c58315363c4.png","4","6"
"39","41b6b7fe-d968-47bf-9896-40e4181e6573","https://res.cloudinary.com/dmpzzernt/image/upload/v1707685822/41b6b7fe-d968-47bf-9896-40e4181e6573.png","6","5"
"40","06cec237-b36f-4b0f-a375-bddc4dc7e05b","https://res.cloudinary.com/dmpzzernt/image/upload/v1707685829/06cec237-b36f-4b0f-a375-bddc4dc7e05b.png","6","5"
"41","c7b1fc2a-bc44-41f8-8703-0eecf13cdaa8","https://res.cloudinary.com/dmpzzernt/image/upload/v1707685837/c7b1fc2a-bc44-41f8-8703-0eecf13cdaa8.png","6","5"
"42","4b9e5e5f-7d8a-4f7e-82fd-88215439efbd","https://res.cloudinary.com/dmpzzernt/image/upload/v1707686002/4b9e5e5f-7d8a-4f7e-82fd-88215439efbd.png","6","5"
"43","0b87bee5-cdbf-4c46-ac52-eebc99408229","https://res.cloudinary.com/dmpzzernt/image/upload/v1707686009/0b87bee5-cdbf-4c46-ac52-eebc99408229.png","3","5"
"44","e35131f2-0ee5-4e04-a77a-6d91c0d810e7","https://res.cloudinary.com/dmpzzernt/image/upload/v1707686016/e35131f2-0ee5-4e04-a77a-6d91c0d810e7.png","3","5"
"45","13a66a14-0257-454c-a2ff-875fb46fad1d","https://res.cloudinary.com/dmpzzernt/image/upload/v1707686022/13a66a14-0257-454c-a2ff-875fb46fad1d.png","3","5"
"46","18e438b9-51e2-4d9a-a8a5-626ad94e2b64","https://res.cloudinary.com/dmpzzernt/image/upload/v1707686032/18e438b9-51e2-4d9a-a8a5-626ad94e2b64.png","4","5"
"47","8a33e165-c041-47b8-82df-9b6cd33aea9b","https://res.cloudinary.com/dmpzzernt/image/upload/v1707686242/8a33e165-c041-47b8-82df-9b6cd33aea9b.png","2","5"
"48","4d15d1b8-0f9d-41aa-8fde-500d6d3fa45b","https://res.cloudinary.com/dmpzzernt/image/upload/v1707686247/4d15d1b8-0f9d-41aa-8fde-500d6d3fa45b.png","1","5"
"49","751bd734-65ee-4701-b20a-875940372806","https://res.cloudinary.com/dmpzzernt/image/upload/v1707689446/751bd734-65ee-4701-b20a-875940372806.png","6","7"
"50","227f1a58-af8c-46ed-87c2-a672bc3ef091","https://res.cloudinary.com/dmpzzernt/image/upload/v1707689457/227f1a58-af8c-46ed-87c2-a672bc3ef091.png","6","7"
"51","294316f1-66ce-4c27-aeba-f5dace5fdb6b","https://res.cloudinary.com/dmpzzernt/image/upload/v1707689481/294316f1-66ce-4c27-aeba-f5dace5fdb6b.png","3","7"
"52","974c538f-0f6c-4365-927d-1107cb449f65","https://res.cloudinary.com/dmpzzernt/image/upload/v1707689508/974c538f-0f6c-4365-927d-1107cb449f65.png","3","7"
"53","f117f4c8-e37f-496b-abce-b7138bd1ea24","https://res.cloudinary.com/dmpzzernt/image/upload/v1707689958/f117f4c8-e37f-496b-abce-b7138bd1ea24.png","3","7"
"54","fec2a073-9b66-46fb-b047-343f2ba37b09","https://res.cloudinary.com/dmpzzernt/image/upload/v1707689968/fec2a073-9b66-46fb-b047-343f2ba37b09.png","4","7"
"55","5987a0a7-1170-44bf-84e3-0fc9ed11b03a","https://res.cloudinary.com/dmpzzernt/image/upload/v1707689976/5987a0a7-1170-44bf-84e3-0fc9ed11b03a.png","4","7"
"56","fe5c4909-7a86-4060-8dd5-c10cafe61f1a","https://res.cloudinary.com/dmpzzernt/image/upload/v1707690020/fe5c4909-7a86-4060-8dd5-c10cafe61f1a.png","5","7"
"57","396f7efd-c5b3-4ec3-a1ee-2819200399ea","https://res.cloudinary.com/dmpzzernt/image/upload/v1707690029/396f7efd-c5b3-4ec3-a1ee-2819200399ea.png","1","7"
"58","52a78829-c727-4d2c-a5e4-ba92fca6eefc","https://res.cloudinary.com/dmpzzernt/image/upload/v1707690038/52a78829-c727-4d2c-a5e4-ba92fca6eefc.png","1","7"
"59","78a92e70-0123-4d57-acce-3e3365290666","https://res.cloudinary.com/dmpzzernt/image/upload/v1707690044/78a92e70-0123-4d57-acce-3e3365290666.png","1","7"
"60","df37d7b7-5ea9-4e29-8676-e5ba3a619545","https://res.cloudinary.com/dmpzzernt/image/upload/v1709474466/df37d7b7-5ea9-4e29-8676-e5ba3a619545.png","4","3"